Date,Open,High,Low,Last,Close,Number of Shares,Number of Trades,Turnover,vwap
2024-11-12,251.9,252.45,250.3,251.3,251.3,3504995,8460,881028374,251.3637
2024-11-11,251.9,254.8,251.15,253.5,253.5,2435737,8559,616319738,253.0321
2024-11-08,253.55,255.5,249.3,250.65,250.65,5187552,11092,1307359403,252.0183
2024-11-07,250,253.2,248.25,249.85,249.85,3705474,9133,928193072,250.4924
2024-11-06,254.05,259.65,247.25,248.5,248.5,6242294,19122,1566150558,250.8936
2024-11-05,260.05,263,258.65,260.4,260.4,3070670,8475,800300731,260.6274
2024-11-04,260,264.45,259.9,260.3,260.3,3501361,8025,914605054,261.2142
2024-11-01,261.1,265.1,259,259,259,4659903,13445,1218298617,261.4429
2024-10-31,269.55,270.9,263.7,264.05,264.05,4006377,9861,1061683648,264.9967
2024-10-30,272.5,274.5,270.15,270.5,270.5,2650171,7284,718677878,271.1817
2024-10-29,272.7,276.2,272,272,272,3172894,8076,866293041,273.0293
2024-10-28,272.5,274.6,270.6,271.5,271.5,3110587,9960,845792099,271.9075
2024-10-25,274.8,282.95,273.75,282.6,282.6,2688768,9053,752800066,279.9814
2024-10-24,269.5,277.85,268.2,274.7,274.7,3088025,9630,846101878,273.9946
2024-10-23,269.95,270.6,265.35,267.55,267.55,2084182,6106,557325996,267.4077
2024-10-22,267.15,270.25,266.4,269.2,269.2,1813479,5186,487194685,268.652
2024-10-21,264.6,270.05,264.45,267.1,267.1,1862887,5877,499029332,267.8796
2024-10-18,268,269.25,263,263,263,1811012,5692,480565043,265.3572
2024-10-17,264.45,267.1,263.7,265.9,265.9,1638627,5654,435370923,265.6925
2024-10-16,266,269,264.65,266,266,1865769,5479,497510030,266.6514
2024-10-15,268.7,269.9,265.05,265.65,265.65,2612951,9032,695484355,266.1682
2024-10-14,273.85,275.75,273,274.5,274.5,2031362,5978,557505193,274.449
2024-10-11,272.95,274.85,271.75,273.85,273.85,2118125,5778,579398595,273.5432
2024-10-10,268.8,272.55,268.5,272.3,272.3,2597432,7385,705049189,271.4411
2024-10-09,271.1,271.7,267.15,267.55,267.55,2768631,10889,744489104,268.8954
2024-10-08,274.65,275.85,271.25,271.25,271.25,2958356,8739,807191417,272.8514
2024-10-07,287.7,290.5,274.6,277.4,277.4,5384731,17619,1505827543,279.6481
2024-10-04,284.3,288.15,283,287.25,287.25,2602468,7434,744407755,286.0434
2024-10-03,282.35,283.65,278.95,282.35,282.35,2332339,7605,655519791,281.0567
2024-10-02,277,283.95,277,282.05,282.05,3403024,11026,958930360,281.7875
2024-10-01,267,273.25,264,271.75,271.75,3208935,9080,864039012,269.2604
2024-09-30,264.45,267.65,263.55,266.7,266.7,2897178,6866,770522761,265.9563
2024-09-27,257.4,263.05,257.2,263,263,2713811,8839,710339712,261.7518
2024-09-26,255.95,259.3,253.25,256.1,256.1,3794658,12667,972786973,256.357
2024-09-25,265.2,266.05,260.95,262.5,262.5,2485800,8436,654329467,263.2269
2024-09-24,268.55,270,266.45,267.1,267.1,2474092,7511,662629189,267.8272
2024-09-23,262.85,267.65,262,267.65,267.65,2275162,7248,603801715,265.3883
2024-09-20,262.6,264.25,259.55,261,261,7421899,8754,1941899451,261.6445
2024-09-19,268.6,271.2,261.9,262,262,4657844,10748,1234709335,265.0816
2024-09-18,265.7,266.65,263.9,265.7,265.7,2218076,6175,589140368,265.6088
2024-09-17,268.05,268.8,265.3,266.7,266.7,2229118,7203,595735957,267.2519
2024-09-16,267.15,269.1,266.35,267.9,267.9,1612733,5754,431690304,267.6762
2024-09-13,267,269.5,266.6,269.1,269.1,2210114,7658,594301349,268.9008
2024-09-12,268,269.9,265.1,266.25,266.25,2180102,7074,582660930,267.2628
2024-09-11,265.1,267.1,264.2,264.35,264.35,2103558,7182,557675027,265.1104
2024-09-10,269.95,271.25,264,264,264,1983091,6797,528419557,266.4626
2024-09-09,269.15,269.85,267.05,269.2,269.2,1844935,6847,495690345,268.6763
2024-09-06,270,270.5,266.8,269.95,269.95,2462263,7625,663122604,269.3147
2024-09-05,271.1,273.1,270.6,272.2,272.2,1748539,6068,475674705,272.0412
2024-09-04,271.5,277.3,270.45,273.1,273.1,2378249,7836,650881576,273.6806
2024-09-03,282.8,283.2,273.5,273.5,273.5,2275890,7456,630265788,276.9316
2024-09-02,282.5,283.95,281.25,281.5,281.5,1568287,4870,442268171,282.0072
2024-08-30,286.2,287.2,279.85,281.5,281.5,7293968,9041,2057377561,282.0657
2024-08-29,279.05,285.35,278.6,284.95,284.95,2638761,9639,747807030,283.3932
2024-08-28,284.15,287.7,282.95,286.25,286.25,2673504,10496,763649727,285.6363
2024-08-27,287.5,289,285.3,285.35,285.35,1356383,5028,388686951,286.5614
2024-08-26,283.95,287.8,282.05,287.25,287.25,1759973,6097,502366937,285.4376
2024-08-23,282.05,283.65,280.4,282.55,282.55,1783631,6600,503191088,282.1181
2024-08-22,282.3,283.5,279.75,280.45,280.45,2139305,9207,601877940,281.3427
2024-08-21,284.45,288,284.05,284.9,284.9,1625292,6133,464037240,285.5101
2024-08-20,288.2,290.15,286.75,287.75,287.75,2023476,6285,583099969,288.1675
2024-08-19,289.65,293.3,287.75,293.3,293.3,1702971,5276,497047399,291.8799
2024-08-16,290.3,292.25,288.6,290.45,290.45,2710241,6821,797249801,294.162
2024-08-15,287.68454,292.5589,287.09962,289.68303,289.68303,2300192,7440,666975900,289.9652
2024-08-14,290.51167,290.95036,287.39208,288.65942,288.65942,1866677,6355,539086047,288.7945
2024-08-13,296.65336,297.04331,289.24434,289.48806,289.48806,2674449,9114,779969871,291.6376
2024-08-12,289.39057,296.84833,288.26947,296.3609,296.3609,2932195,8455,863104187,294.3543
2024-08-09,287.58706,288.80565,285.83229,287.19711,287.19711,2263411,7386,649916131,287.1401
2024-08-08,279.78809,287.48957,279.44688,284.66244,284.66244,4607155,9373,1307201985,283.733
2024-08-07,272.81776,278.52075,272.67152,277.15593,277.15593,3014046,7361,832781088,276.3
2024-08-06,274.42629,275.8886,268.57706,271.50168,271.50168,3389138,10382,919455126,271.2947
2024-08-05,271.79414,272.8665,268.67455,269.99063,269.99063,3235600,10453,874207302,270.184
2024-08-02,279.78809,283.15139,277.83834,277.83834,277.83834,2611739,8856,731679834,280.1504
2024-08-01,284.85742,286.70967,282.51773,282.85893,282.85893,2613405,7102,744546710,284.8952
2024-07-31,280.66547,284.36998,279.10568,282.7127,282.7127,3260909,6951,920863367,282.3947
2024-07-30,278.37452,279.05693,274.7675,275.40116,275.40116,1920429,6719,530220982,276.095
2024-07-29,279.44688,282.46898,278.61824,278.81321,278.81321,2321774,7645,650897979,280.3451
2024-07-26,280.66547,282.51773,277.59462,277.59462,277.59462,2647702,6988,738684187,278.9907
2024-07-25,276.86347,279.64185,274.7675,277.25342,277.25342,2421057,10252,670265446,276.8482
2024-07-24,284.17501,284.80867,279.10568,280.76296,280.76296,2885718,8614,812717948,281.6346
2024-07-23,283.88255,284.66244,281.15291,281.49411,281.49411,1708453,5726,482054599,282.1585
2024-07-22,286.22224,286.75842,282.32275,284.6137,284.6137,1501755,5194,427026218,284.3515
2024-07-19,287.78203,290.12172,286.75842,286.75842,286.75842,1956637,4767,562950954,287.7134
2024-07-18,285.05239,289.97549,284.75993,289.48806,289.48806,1894293,5321,546879250,288.6983
2024-07-17,282.51773,285.24737,281.29914,285.05239,285.05239,1881464,6197,534044740,283.8452
2024-07-16,283.68757,284.9549,279.25191,280.71421,280.71421,1972318,5903,554803182,281.2949
2024-07-15,283.8338,284.22375,280.95793,283.20014,283.20014,1829796,6468,517059529,282.5776
2024-07-12,281.05542,285.44234,280.66547,283.0539,283.0539,2038014,6350,577635769,283.4306
2024-07-11,279.10568,280.71421,276.96096,280.61673,280.61673,2560724,8212,716210756,279.6907
2024-07-10,283.68757,284.07752,280.12929,281.10416,281.10416,2557748,9988,721026054,281.8987
2024-07-09,287.34334,287.53831,284.22375,284.41872,284.41872,1889646,6425,539348596,285.4231
2024-07-08,292.41267,292.46141,283.88255,287.09962,287.09962,3130422,10778,898202199,286.9269
2024-07-05,299.28551,301.13777,295.38603,295.581,295.581,1763706,5088,523922673,297.0577
2024-07-04,298.06692,299.77295,297.04331,298.70059,298.70059,1511569,4644,451221722,298.512
2024-07-03,298.55436,300.45536,296.55587,298.06692,298.06692,2283306,5679,680771490,298.1516
2024-07-02,299.383,302.0639,297.67698,298.55436,298.55436,2305801,7231,690299622,299.3751
2024-07-01,299.43174,300.5041,296.65336,297.82321,297.82321,1671096,5495,498144370,298.0944
2024-06-28,296.7021,300.21164,295.28854,296.31216,296.31216,2507756,5902,744467803,296.8661
2024-06-27,290.41418,296.16592,290.07298,294.41116,294.41116,2311522,7577,679889972,294.1308
2024-06-26,289.04936,293.43628,288.95188,291.24282,291.24282,2303792,6667,671196533,291.3442
2024-06-25,289.48806,292.31518,286.75842,288.85439,288.85439,2218654,6769,641692461,289.2259
2024-06-24,282.7127,287.00213,282.37149,286.56344,286.56344,1609002,5916,459929765,285.8479
2024-06-21,282.27401,286.12475,282.27401,285.53983,285.53983,4595736,7185,1314043487,285.9266
2024-06-20,282.61521,285.58857,281.78657,285.58857,285.58857,2776064,8013,789648082,284.4487
2024-06-19,283.8338,284.46747,280.90919,282.32275,282.32275,2128687,6338,601298065,282.4737
2024-06-18,281.34788,283.68757,279.93432,283.10265,283.10265,3293855,8036,931151434,282.6935
2024-06-17,281.9328,283.4926,280.56798,281.49411,281.49411,2039011,6929,574542876,281.7752
2024-06-14,284.12626,286.12475,282.27401,282.42024,282.42024,2365162,6720,670598732,283.5318
2024-06-13,288.95188,289.5368,283.63883,283.88255,283.88255,2854935,7622,814671388,285.3554
2024-06-12,292.12021,294.11869,290.17047,291.04785,291.04785,2388084,8547,696741482,291.7575
2024-06-11,292.12021,293.87498,289.68303,290.85288,290.85288,2513911,8427,732543643,291.396
2024-06-10,288.80565,292.31518,288.4157,291.63277,291.63277,2070615,5927,602886358,291.1628
2024-06-07,287.6358,290.70664,286.95339,290.6579,290.6579,2141013,6990,619296461,289.2539
2024-06-06,287.09962,289.19559,285.78354,286.90465,286.90465,2181737,7303,626647387,287.2241
2024-06-05,285.10113,289.82926,285.10113,287.2946,287.2946,2898374,7937,833490652,287.5718
2024-06-04,293.43628,294.02121,282.12778,284.75993,284.75993,4229118,14270,1211169736,286.3882
2024-06-03,297.43326,303.37997,296.21467,296.21467,296.21467,3236268,11677,968570412,299.2862
2024-05-31,291.63277,297.67698,291.19408,295.2398,295.2398,9065148,9970,2676618575,295.2647
2024-05-30,288.46444,292.31518,287.6358,290.51167,290.51167,2540594,9478,737370440,290.2354
2024-05-29,295.67849,298.16441,292.5589,292.94885,292.94885,2549204,9356,750473290,294.3951
2024-05-28,297.43326,297.82321,293.63126,294.06995,294.06995,3169986,9492,935148783,295.0009
2024-05-27,292.46141,296.7021,291.73026,296.01969,296.01969,1738277,6499,513536554,295.4284
2024-05-24,298.31064,299.09054,293.87498,294.41116,294.41116,4026420,12576,1189831548,295.506
2024-05-23,296.84833,302.94128,296.45839,302.64882,302.64882,2996493,9463,902588514,301.2149
2024-05-22,295.581,297.87195,294.99608,296.45839,296.45839,2895226,9687,858206596,296.4213
2024-05-21,294.31367,298.21315,293.04634,298.11567,298.11567,3615639,11194,1070500130,296.0749
2024-05-20,0,0,0,0,291.29157,0,0,0,0
2024-05-17,0,0,0,0,291.29157,0,0,0,0
2024-05-16,292.46141,293.97246,288.07449,291.29157,291.29157,3586062,9798,1044140929,291.1664
2024-05-15,295.14231,297.82321,290.60916,291.19408,291.19408,3514303,10832,1029793474,293.0292
2024-05-14,296.82421,298.41279,296.58351,297.54629,297.54629,1775906,5924,528292619,297.4778
2024-05-13,294.89865,297.9314,294.75424,297.11304,297.11304,1913303,6719,567717902,296.7213
2024-05-10,298.7979,301.68623,298.46093,301.10857,301.10857,2726026,7685,820078224,300.8328
2024-05-09,0,0,0,0,293.35821,0,0,0,0
2024-05-08,293.8396,294.41726,289.36268,293.35821,293.35821,2099359,6849,614072268,292.5046
2024-05-07,293.50263,295.81329,292.58799,294.27285,294.27285,1732678,5599,509440099,294.0189
2024-05-06,288.68874,294.27285,288.30363,294.12843,294.12843,2260389,7922,661635336,292.7086
2024-05-03,286.37808,289.5071,285.80041,287.00388,287.00388,2818783,10110,809520034,287.1878
2024-05-02,283.05649,288.35177,279.49422,288.06294,288.06294,3307896,11686,942730870,284.9941
2024-04-30,287.87038,291.33638,286.95574,287.82224,287.82224,2844338,8421,820492059,288.465
2024-04-29,292.20288,292.20288,288.6406,288.97757,288.97757,3746071,9189,1083764675,289.307
2024-04-26,294.85051,295.66888,291.09568,292.34729,292.34729,3121679,10126,913166756,292.5242
2024-04-25,289.84407,300.24207,289.36268,293.64704,293.64704,4698738,14317,1386637694,295.1085
2024-04-24,284.98205,288.06294,284.59694,286.61877,286.61877,2192265,6374,628071636,286.4944
2024-04-23,286.37808,286.76319,282.67138,283.15277,283.15277,1914753,7528,544326223,284.2801
2024-04-22,286.71505,286.9076,284.21183,285.75227,285.75227,2404063,9788,689065836,286.6255
2024-04-19,289.79593,291.52893,280.98652,287.87038,287.87038,4484167,12410,1288575738,287.3612
2024-04-18,287.00388,289.5071,283.34533,289.21827,289.21827,2735104,8703,785150887,287.0643
2024-04-17,293.50263,296.4391,288.30363,290.51802,290.51802,3636716,12948,1057157086,290.69
2024-04-16,292.20288,294.17657,290.80685,291.72149,291.72149,2689311,8996,786369143,292.4054
2024-04-15,296.53537,297.59443,292.20288,293.06938,293.06938,3567917,12723,1048462056,293.8582
2024-04-12,296.05399,302.21576,295.18749,302.21576,302.21576,2067338,8174,619805988,299.8087
2024-04-11,291.72149,297.40187,291.62521,292.87682,292.87682,3239703,11711,954142294,294.5153
2024-04-10,286.71505,289.17013,286.32994,288.78502,288.78502,2156236,7728,621054642,288.0272
2024-04-09,287.72596,288.6406,284.88577,286.37808,286.37808,1872831,6483,536811008,286.6308
2024-04-08,288.06294,288.54432,284.16369,285.07833,285.07833,2442079,8611,697422486,285.5856
2024-04-05,288.20735,290.95127,288.20735,288.73688,288.73688,2192581,6309,634160901,289.2303
2024-04-04,287.87038,288.83316,286.71505,288.39991,288.39991,1954613,5013,563249914,288.1644
2024-04-03,287.91852,289.31455,285.70413,288.06294,288.06294,2981675,9113,857523306,287.5978
2024-04-02,281.61233,290.03663,281.61233,286.81132,286.81132,4372634,13434,1253304861,286.6246
2024-03-28,0,0,0,0,275.73939,0,0,0,0
2024-03-27,275.0173,276.02822,273.81383,275.73939,275.73939,1283779,3867,353534153,275.3853
2024-03-26,279.20539,280.26444,275.8838,275.8838,275.8838,1623487,4992,450367780,277.4076
2024-03-25,276.84658,281.70861,276.84658,280.16816,280.16816,2259508,5880,631795774,279.6165
2024-03-22,272.89919,277.18355,272.46594,276.1245,276.1245,1900120,5830,524068527,275.808
2024-03-21,274.3915,276.94286,272.94733,274.00639,274.00639,2785566,7774,764248118,274.36
2024-03-20,270.54039,275.93194,268.85553,272.17711,272.17711,3471010,10217,944640571,272.1514
2024-03-19,272.61036,274.63219,270.059,272.12897,272.12897,3365819,8486,916184295,272.2025
2024-03-18,268.5667,273.04361,268.13345,269.86645,269.86645,2804109,5990,758518681,270.5025
2024-03-15,267.65206,271.02178,267.12253,267.21881,267.21881,6839022,9618,1848353663,270.2658
2024-03-14,264.47489,266.44859,263.51212,265.7265,265.7265,3504834,6675,930297733,265.4327
2024-03-13,261.44215,264.81187,260.19054,264.71559,264.71559,3288306,6089,867248984,263.7373
2024-03-12,260.91262,262.5012,259.94984,260.19054,260.19054,2738632,5828,714282795,260.8173
2024-03-11,261.97167,263.65653,257.25407,258.36126,258.36126,3036171,8312,788544928,259.7168
2024-03-08,261.49028,264.28234,260.47937,260.91262,260.91262,2210081,5583,578630755,261.8142
2024-03-07,260.33495,261.10517,258.36126,259.51659,259.51659,2812530,7700,730494096,259.7284
2024-03-06,257.49476,265.58209,257.25407,262.93445,262.93445,3833581,11677,1009041224,263.2111
2024-03-05,252.48832,260.81634,252.3439,258.89079,258.89079,3629430,8161,931843659,256.7465
2024-03-04,254.79898,256.77268,252.53646,253.11412,253.11412,2571105,7115,653133868,254.0284
2024-03-01,251.7181,257.49476,251.7181,254.17318,254.17318,2224829,6737,567995833,255.2986
2024-02-29,253.69179,253.98062,250.32207,251.91065,251.91065,5061934,6600,1275525068,251.9837
2024-02-28,252.24762,256.48384,250.41835,254.55829,254.55829,2623871,7300,664710345,253.3319
2024-02-27,251.76624,254.02876,249.55185,252.53646,252.53646,2605008,7193,655820758,251.7538
2024-02-26,254.55829,254.55829,250.65904,253.2104,253.2104,2973450,8449,750659176,252.4539
2024-02-23,257.83173,259.37217,252.10321,255.52107,255.52107,2806706,7705,716029563,255.1138
2024-02-22,257.10965,259.66101,256.96523,257.35034,257.35034,2836844,6945,732027920,258.043
2024-02-21,253.2104,255.28037,251.62182,254.0769,254.0769,2315386,5456,587016743,253.5287
2024-02-20,257.73545,258.26498,253.40296,254.41387,254.41387,2852004,7425,730186310,256.0256
2024-02-19,257.5429,259.42031,256.96523,257.63918,257.63918,2126266,5551,549055830,258.2253
2024-02-16,255.13596,257.83173,253.69179,256.14687,256.14687,3414982,8961,879556360,257.5581
2024-02-15,251.28485,252.87343,247.1449,252.19948,252.19948,5196393,14074,1301329833,250.4294
2024-02-14,252.82529,256.00245,252.29576,254.17318,254.17318,3912467,9824,993968433,254.0516
2024-02-13,258.56379,261.19644,254.70884,255.22596,255.22596,4549803,13052,1171799044,257.5494
2024-02-12,259.26896,263.17092,257.99965,261.33747,261.33747,3171737,9172,828158119,261.1055
2024-02-09,260.6323,264.53426,258.28172,260.96138,260.96138,4222566,13080,1105821805,261.8838
2024-02-08,262.46575,263.92311,259.69206,261.99563,261.99563,6872604,21422,1799718340,261.8685
2024-02-07,276.33417,281.17636,267.59001,267.59001,267.59001,6878140,21383,1871559683,272.1026
2024-02-06,285.50143,290.43765,285.50143,290.10857,290.10857,3469332,9173,1001586710,288.6973
2024-02-05,282.63372,284.93729,281.12935,282.96281,282.96281,2219793,7729,629154679,283.4293
2024-02-02,283.95005,285.64247,280.94131,283.10384,283.10384,2149535,6368,607724730,282.7237
2024-02-01,285.68948,287.75799,283.95005,286.86477,286.86477,1987245,6426,569903166,286.7804
2024-01-31,283.95005,287.33488,282.91579,284.5612,284.5612,3616921,7882,1030019445,284.778
2024-01-30,282.1166,284.79626,281.3174,283.43292,283.43292,1834578,5858,519863257,283.3694
2024-01-29,285.83051,288.93328,282.86878,283.762,283.762,2249262,7928,640419758,284.7244
2024-01-26,280.98832,284.32614,280.56521,283.57396,283.57396,3231858,8677,912797085,282.4372
2024-01-25,281.03533,283.90304,279.34291,280.98832,280.98832,2103178,6871,591957955,281.4587
2024-01-24,279.24889,280.61223,276.89831,278.44969,278.44969,2526023,7224,703653796,278.5619
2024-01-23,278.30866,279.71901,274.54773,279.15487,279.15487,2110899,6148,586560973,277.8726
2024-01-22,277.36843,278.44969,273.09037,276.14612,276.14612,2240230,8160,618362970,276.0265
2024-01-19,282.96281,284.32614,279.38992,280.00107,280.00107,2202343,5768,621389349,282.1491
2024-01-18,283.47993,285.64247,280.70625,281.3174,281.3174,2936184,7047,828434581,282.1467
2024-01-17,285.12534,285.26637,281.45843,284.46718,284.46718,3231238,8490,917158422,283.8411
2024-01-16,287.61695,291.94202,285.87752,288.69822,288.69822,2909991,8134,842768892,289.6121
2024-01-15,295.23283,297.86548,287.75799,287.94603,287.94603,2678724,9967,777944979,290.4162
2024-01-12,294.2926,298.14755,293.54041,296.17306,296.17306,3101854,8358,918037785,295.9641
2024-01-11,293.8695,296.36111,291.80099,292.50616,292.50616,3135784,7506,920024083,293.3952
2024-01-10,297.06628,298.14755,293.54041,294.43364,294.43364,3985563,9152,1176823282,295.2715
2024-01-09,301.5794,304.49412,298.71169,298.71169,298.71169,3607216,7924,1084379138,300.6138
2024-01-08,306.75067,308.4901,298.99376,299.74595,299.74595,3994365,11009,1206929946,302.1581
2024-01-05,312.25103,317.51633,311.02873,313.80241,313.80241,2446815,6662,769007908,314.2893
2024-01-04,315.91794,317.70438,314.93069,314.93069,314.93069,3248728,8307,1026942595,316.106
2024-01-03,305.05826,309.61838,303.31883,309.61838,309.61838,2822606,7318,867776806,307.4381
2024-01-02,306.4686,307.92596,304.72917,306.8447,306.8447,1644183,4528,503605772,306.2953
2023-12-29,304.11802,305.48136,302.47262,302.89572,302.89572,1508893,3954,458152846,303.635
2023-12-28,307.45585,307.45585,303.88297,304.11802,304.11802,1405363,4359,428361585,304.8047
2023-12-27,308.63114,310.41758,306.4686,308.44309,308.44309,1700433,4259,524986510,308.7368
2023-12-22,305.85745,307.64389,304.68216,305.57538,305.57538,1465618,3577,448537638,306.0399
2023-12-21,304.54113,307.50286,302.84871,304.8232,304.8232,2186991,6298,667134251,305.0466
2023-12-20,306.51562,309.7124,305.71642,306.23355,306.23355,2798235,5079,858933038,306.9553
2023-12-19,308.39608,308.39608,304.49412,305.01124,305.01124,2639295,7671,807705235,306.0306
2023-12-18,305.6224,313.99046,305.19929,311.63988,311.63988,3090188,8535,960373621,310.7816
2023-12-15,313.09724,314.74265,302.84871,303.6009,303.6009,7054851,10154,2163843935,306.7171
2023-12-14,313.14425,316.34104,311.12275,312.15701,312.15701,2707310,8065,847384927,312.9988
2023-12-13,307.54987,314.31954,306.23355,312.25103,312.25103,2990245,6102,933242994,312.0958
2023-12-12,312.67413,314.83667,308.39608,310.93471,310.93471,3085221,5640,961123064,311.5248
2023-12-11,315.58885,316.76414,312.29804,313.42632,313.42632,2165625,6233,679951698,313.9748
2023-12-08,313.05023,317.04621,312.81517,314.74265,314.74265,2527459,7379,795522196,314.7517
2023-12-07,309.75942,315.44782,309.00723,313.05023,313.05023,3296296,10045,1030352333,312.5788
2023-12-06,311.49885,314.31954,307.73792,309.05424,309.05424,2325502,7144,721467981,310.2417
2023-12-05,313.3323,317.98645,311.54586,312.29804,312.29804,2725231,7634,855677764,313.9835
2023-12-04,315.91794,317.28127,312.48609,313.7554,313.7554,2998136,9409,942133240,314.2396
2023-12-01,324.38002,325.46129,320.05496,322.64059,322.64059,2369302,7482,764557656,322.6931
2023-11-30,323.81588,330.86762,322.35852,327.29474,327.29474,6581189,10230,2153498514,327.2202
2023-11-29,320.61909,327.01267,319.86691,321.79438,321.79438,2712573,8980,876333772,323.0636
2023-11-28,328.14095,332.88912,328.09394,328.37601,328.37601,2336154,6828,769576460,329.4202
2023-11-27,331.05567,333.97039,328.47003,331.10268,331.10268,2017584,4876,667772179,330.9761
2023-11-24,330.96165,334.91062,330.06843,333.92338,333.92338,2176564,5533,725332242,333.2465
2023-11-23,325.22623,331.33774,325.22623,330.91463,330.91463,2275852,5693,750208457,329.6385
2023-11-22,327.29474,330.02141,319.63185,322.87565,322.87565,2748579,7934,889371813,323.5751
2023-11-21,329.73934,332.37199,326.87164,328.47003,328.47003,2036016,5802,669992985,329.0705
2023-11-20,329.5513,333.45326,328.84612,333.03016,333.03016,2787217,5142,925005274,331.8741
2023-11-17,324.19198,328.98716,322.59358,328.14095,328.14095,3063093,8714,1001380922,326.9182
2023-11-16,332.84211,333.82935,322.96967,324.00393,324.00393,2892703,7884,943159546,326.0478
2023-11-15,333.31223,334.39349,330.72659,333.97039,333.97039,2272200,8386,757302510,333.2904
2023-11-14,340.97512,342.00937,332.41901,334.95763,334.95763,3512440,8650,1179000777,335.6643
2023-11-13,344.12489,347.88582,341.63328,347.88582,347.88582,1939064,4833,671006032,346.0463
2023-11-10,339.47075,343.88984,339.42373,342.5265,342.5265,1759464,5041,601969729,342.1323
2023-11-09,334.48752,339.94086,332.27797,339.47075,339.47075,2292928,6889,773696977,337.4274
2023-11-08,337.96637,340.22293,334.58154,336.79108,336.79108,2347488,6965,791599860,337.2113
2023-11-07,346.00536,346.52249,337.16718,337.44925,337.44925,2871704,7557,976092943,339.9002
2023-11-06,343.46673,350.98859,343.46673,350.70652,350.70652,1918408,5413,669719541,349.1016
2023-11-03,353.66825,355.0786,343.04363,344.83007,344.83007,3106053,8524,1080196346,347.7713
2023-11-02,351.59974,352.30491,346.09938,352.30491,352.30491,2611830,6920,915234378,350.4188
2023-11-01,349.24916,352.72802,344.87708,352.16388,352.16388,2530357,8504,886378862,350.2979
2023-10-31,350.04835,353.52721,349.57824,352.06985,352.06985,3197112,7472,1124655116,351.7722
2023-10-30,350.70652,359.9678,349.8133,351.22364,351.22364,3521873,9381,1246394449,353.901
2023-10-27,347.88582,356.91205,347.32168,351.4587,351.4587,2532003,8123,891967288,352.2772
2023-10-26,349.29617,351.31767,342.43248,345.30018,345.30018,2669419,8292,923697288,346.0293
2023-10-25,345.7703,350.33042,345.7703,347.93283,347.93283,1425444,4352,496225975,348.1203
2023-10-24,348.77904,351.50571,346.28743,348.68502,348.68502,1984794,6530,692131284,348.7169
2023-10-23,350.00134,354.13836,348.87307,350.00134,350.00134,1725935,6191,605028761,350.5511
2023-10-20,357.00607,359.35665,353.0571,353.0571,353.0571,2432030,7322,862583945,354.6764
2023-10-19,358.22837,359.40366,352.96307,355.21963,355.21963,2892203,8603,1027413391,355.2355
2023-10-18,357.75826,359.12159,354.51446,357.75826,357.75826,2174514,6677,777014134,357.3276
2023-10-17,352.02284,357.61722,350.51847,354.18538,354.18538,2700518,9051,955904006,353.9705
2023-10-16,354.56147,358.46343,352.91606,353.4802,353.4802,3109049,9124,1103768305,355.0179
2023-10-13,344.73604,352.58698,344.73604,351.69376,351.69376,3147305,9265,1103399656,350.5855
2023-10-12,339.04764,347.36869,338.15442,346.61651,346.61651,2707441,7820,933741963,344.8798
2023-10-11,344.548,348.73203,338.34247,339.23569,339.23569,3155435,9431,1078595280,341.8214
2023-10-10,337.91936,344.45397,334.34648,344.31294,344.31294,3988539,9544,1364174421,342.0236
2023-10-09,327.90589,338.15442,327.67083,338.15442,338.15442,4135731,10670,1383946059,334.6315
2023-10-06,317.7984,321.37128,315.49483,320.10197,320.10197,2966241,8543,946753161,319.176
2023-10-05,318.73863,321.55933,315.16575,320.61909,320.61909,2339448,7093,745702302,318.7513
2023-10-04,324.56807,325.93141,318.12748,318.5976,318.5976,2607013,7128,837354750,321.1932
2023-10-03,327.20072,330.02141,324.42703,324.52106,324.52106,3409609,6330,1112352815,326.2405
2023-10-02,332.56004,335.42775,327.20072,327.20072,327.20072,2622309,5681,866320830,330.3656
2023-09-29,333.78234,335.66281,330.16245,330.16245,330.16245,3175835,6085,1053797232,331.8173
2023-09-28,334.58154,338.0604,331.05567,332.23096,332.23096,2330769,6322,778258264,333.9061
2023-09-27,326.7306,333.2182,326.54256,332.98315,332.98315,2440228,5930,808588189,331.3575
2023-09-26,326.11945,327.5298,322.64059,325.93141,325.93141,3848149,4768,1253232127,325.6714
2023-09-25,325.55531,327.20072,324.286,325.79037,325.79037,2034426,5591,662770057,325.7773
2023-09-22,327.99992,328.329,322.02944,327.1067,327.1067,3779298,8725,1231495076,325.8528
2023-09-21,329.92739,333.40625,324.56807,329.41026,329.41026,4585458,12104,1505673673,328.3583
2023-09-20,335.09867,336.22695,329.22222,334.67556,334.67556,3190925,8261,1065382549,333.8789
2023-09-19,332.93613,337.77833,331.71383,335.42775,335.42775,2714554,6835,909968104,335.2182
2023-09-18,333.73533,336.22695,332.46602,333.26521,333.26521,2233771,6162,741855673,332.1091
2023-09-15,335.56878,337.30821,332.84211,332.84211,332.84211,7363451,8051,2450390282,332.7774
2023-09-14,329.45728,335.85085,329.08118,334.72257,334.72257,3850024,9409,1285416804,333.8724
2023-09-13,327.01267,329.69233,326.3075,326.35451,326.35451,2614808,6297,856245351,327.4601
2023-09-12,325.46129,328.47003,323.29876,326.54256,326.54256,3295669,6526,1073962071,325.8707
2023-09-11,325.79037,329.36325,324.05094,327.15371,327.15371,2263384,5998,740611407,327.2142
2023-09-08,324.38002,327.5298,322.59358,325.79037,325.79037,2914523,8060,948538746,325.4524
2023-09-07,320.66611,322.21749,317.98645,321.51232,321.51232,3507265,8422,1123765497,320.4107
2023-09-06,320.76013,325.64934,320.61909,322.78163,322.78163,4101407,9180,1325177798,323.1032
2023-09-05,314.9777,323.67485,313.52034,321.0422,321.0422,2523931,6693,806327742,319.4729
2023-09-04,315.96495,317.65736,314.31954,315.72989,315.72989,1872893,5434,591564129,315.8558
2023-09-01,311.21678,317.75139,311.21678,315.40081,315.40081,3462274,9007,1091382239,315.2212
2023-08-31,308.77217,310.41758,307.59688,308.58413,308.58413,7595057,5910,2344368043,308.6702
2023-08-30,308.30206,309.14827,306.09251,307.64389,307.64389,2380704,6741,732668448,307.7529
2023-08-29,306.09251,309.33631,305.6224,306.51562,306.51562,2618887,5871,804087998,307.0342
2023-08-28,304.44711,307.03274,302.09653,306.70366,306.70366,2272933,6110,693753757,305.2239
2023-08-25,300.68618,303.78894,300.31008,301.53239,301.53239,2370938,6134,715833142,301.9198
2023-08-24,295.79697,300.7802,294.66869,299.65192,299.65192,2256582,6541,674011029,298.6866
2023-08-23,307.07975,307.64389,296.87824,299.27583,299.27583,3757671,10311,1130665046,300.8951
2023-08-22,307.22079,308.67815,304.11802,308.067,308.067,2130071,5362,654501518,307.2674
2023-08-21,306.13952,309.80643,305.66941,307.31481,307.31481,3154322,8038,971208010,307.8975
2023-08-18,303.83595,304.07101,300.21606,302.56664,302.56664,2815323,4979,850905548,302.2408
2023-08-17,298.7587,305.01124,298.24157,304.35308,304.35308,2373074,7330,718533920,302.7861
2023-08-16,303.08377,303.88297,298.42962,300.87422,300.87422,3002918,7947,903269610,300.7972
2023-08-15,303.08377,304.49412,301.06227,301.86147,301.86147,2846423,9128,860349679,302.2564
2023-08-14,301.81446,303.88297,300.12204,300.59215,300.59215,2552273,8546,769157752,301.3618
2023-08-11,306.60964,313.00322,305.76343,313.00322,313.00322,3668676,9521,1139176665,310.5143
2023-08-10,311.63988,313.19126,307.36182,307.97298,307.97298,3860142,11740,1195939941,309.8176
2023-08-09,297.1133,316.52909,297.01927,314.50759,314.50759,7747107,20276,2398686266,309.6235
2023-08-08,293.72846,294.2926,289.40339,294.05754,294.05754,3216757,8072,941623725,292.7245
2023-08-07,297.1133,298.61767,293.54041,293.72846,293.72846,3201218,7798,946325621,295.6142
2023-08-04,295.04479,298.14755,293.68145,298.00652,298.00652,3115142,7270,924837687,296.8846
2023-08-03,287.71098,294.05754,285.54844,291.89501,291.89501,2821099,7986,819659055,290.5459
2023-08-02,291.4719,292.78823,288.13408,288.79224,288.79224,2577567,7085,748305432,290.3146
2023-08-01,290.01454,294.19858,289.77949,291.37788,291.37788,2963828,8057,864569180,291.7069
2023-07-31,288.69822,292.97628,288.6042,289.96753,289.96753,4024945,9635,1169048670,290.4508
2023-07-28,289.0273,290.43765,285.17235,287.61695,287.61695,3113959,8111,894710939,287.3226
2023-07-27,289.0273,292.60018,288.93328,289.87351,289.87351,3077004,7786,893766494,290.4664
2023-07-26,293.35237,295.65594,286.95879,289.8265,289.8265,4038722,12129,1172068118,290.2076
2023-07-25,297.44238,298.19456,294.7157,297.72445,297.72445,2054422,4510,610498653,297.1631
2023-07-24,291.80099,297.81847,288.51017,296.97226,296.97226,1873532,6604,551880208,294.5667
2023-07-21,291.75397,292.60018,289.0273,291.28386,291.28386,1921513,5877,559567976,291.2122
2023-07-20,284.1381,288.6042,283.43292,288.08707,288.08707,2292063,6881,657623609,286.9134
2023-07-19,280.33016,283.762,277.50946,283.762,283.762,2509674,5763,706854346,281.6518
2023-07-18,277.18038,282.91579,276.99233,281.92855,281.92855,1784110,4866,501180073,280.9131
2023-07-17,277.18038,282.35165,274.78279,277.2744,277.2744,2239123,7505,621189557,277.4254
2023-07-14,284.5612,285.40741,278.73176,278.73176,278.73176,2545648,8829,716520730,281.4689
2023-07-13,289.54443,289.68546,283.3389,285.21936,285.21936,3271960,6858,934959106,285.7489
2023-07-12,290.01454,292.17708,288.27512,289.59144,289.59144,2445233,6887,709013320,289.9573
2023-07-11,286.91178,288.55719,285.73649,288.36914,288.36914,2185413,5506,628908980,287.7757
2023-07-10,287.85201,289.40339,285.73649,287.56994,287.56994,1957612,4992,563274948,287.7356
2023-07-07,286.30063,288.04006,283.762,286.67672,286.67672,2796233,6905,801298667,286.5636
2023-07-06,284.93729,291.98903,284.93729,287.3819,287.3819,3243692,7921,935998213,288.5595
2023-07-05,297.16031,299.18181,293.35237,293.35237,293.35237,2866531,7072,846541404,295.3191
2023-07-04,296.26709,298.71169,295.84398,297.86548,297.86548,2112788,5081,628449908,297.4505
2023-07-03,295.70295,301.43836,295.70295,296.92525,296.92525,3509162,9254,1047431087,298.4846
2023-06-30,294.90375,295.79697,292.36512,293.44639,293.44639,4069276,7314,1195625166,293.8176
2023-06-29,292.41214,294.24559,289.92052,293.39938,293.39938,2689735,6648,786934361,292.5695
2023-06-28,290.34363,293.30536,289.45041,290.01454,290.01454,2720453,7040,790869019,290.7122
2023-06-27,293.8695,294.99777,288.36914,289.87351,289.87351,2991733,7116,869479041,290.6272
2023-06-26,291.89501,294.05754,285.59545,292.31811,292.31811,2589603,7167,754079103,291.1948
2023-06-23,290.6257,293.16432,287.71098,290.10857,290.10857,4351612,11871,1263172001,290.2768
2023-06-22,297.16031,299.5579,292.13007,293.58743,293.58743,4042958,10739,1193204001,295.1314
2023-06-21,302.0025,304.25906,299.08778,303.31883,303.31883,3454884,8728,1044901978,302.4419
2023-06-20,299.46388,303.74193,299.46388,302.3786,302.3786,3156537,7420,953933157,302.2088
2023-06-19,298.38261,301.10928,296.50215,299.88698,299.88698,2091320,6141,624963384,298.8368
2023-06-16,301.95549,304.49412,300.45112,301.48537,301.48537,5527710,9869,1668262414,301.7999
2023-06-15,299.46388,308.63114,299.13479,302.56664,302.56664,4260309,11410,1291405773,303.1249
2023-06-14,301.25032,303.41285,300.07503,300.16905,300.16905,4807326,10484,1447265413,301.0541
2023-06-13,295.13881,306.18653,294.48065,305.52837,305.52837,5947286,11561,1799332439,302.5468
2023-06-12,292.55317,296.3141,290.90777,293.96352,293.96352,3888025,9810,1141404018,293.5691
2023-06-09,289.59144,295.60893,288.32213,294.90375,294.90375,3588171,9108,1049751279,292.5589
2023-06-08,289.54443,290.67271,287.52293,289.16834,289.16834,3301138,12315,955215789,289.3595
2023-06-07,279.90705,286.53569,278.8728,286.39465,286.39465,3599991,8073,1025077586,284.7444
2023-06-06,281.12935,281.50545,275.77003,279.10785,279.10785,3603926,9004,1002601087,278.1969
2023-06-05,281.12935,289.8265,280.42418,282.5397,282.5397,4063436,10895,1152939263,283.735
2023-06-02,270.92784,277.2744,270.3637,277.13337,277.13337,3186688,8471,877378012,275.326
2023-06-01,266.88484,268.90634,265.14541,268.15415,268.15415,2795965,8906,748088016,267.5598
2023-05-31,269.04737,272.29117,263.54702,266.79082,266.79082,6931024,13620,1852185696,267.2311
2023-05-30,277.36843,277.97958,270.3637,272.15014,272.15014,3410632,10504,933452449,273.6889
2023-05-29,0,0,0,0,277.2744,0,0,0,0
2023-05-26,279.24889,280.33016,276.33417,277.2744,277.2744,3262490,8466,906300295,277.794
2023-05-25,288.2281,290.6257,277.36843,278.63774,278.63774,4143871,12311,1172468923,282.9405
2023-05-24,287.805,292.08306,286.62971,288.69822,288.69822,4716180,11469,1363962995,289.2092
2023-05-23,282.5397,286.5827,281.3174,285.97155,285.97155,2644732,6755,752642002,284.5815
2023-05-22,281.03533,284.79626,280.47119,281.92855,281.92855,2355203,6120,665329256,282.4933
2023-05-19,286.81776,286.91178,283.10384,283.762,283.762,3116901,9148,886368458,284.3749
2023-05-18,0,0,0,0,281.12935,0,0,0,0
2023-05-17,0,0,0,0,281.12935,0,0,0,0
2023-05-16,282.39867,284.46718,280.33016,281.12935,281.12935,3195099,10058,900311107,281.7787
2023-05-15,280.18912,284.46718,279.43694,282.91579,282.91579,2823483,9712,798687484,282.8731
2023-05-12,276.75727,284.09108,276.33417,284.09108,284.09108,3170155,9373,895328913,282.4243
2023-05-11,282.06958,284.70223,277.03934,278.12061,278.12061,3173222,10078,887245725,279.604
2023-05-10,292.83524,294.85674,289.59144,290.06156,290.06156,2541031,9876,740000444,291.2205
2023-05-09,292.45915,292.83524,288.93328,290.86075,290.86075,2749867,10000,799122769,290.6041
2023-05-08,295.46789,299.08778,294.85674,295.74996,295.74996,2904871,10455,862246458,296.8277
2023-05-05,282.82177,293.58743,282.68074,291.94202,291.94202,4212547,13191,1223414872,290.4216
2023-05-04,283.00982,287.99305,278.26165,278.44969,278.44969,4424762,15039,1245638744,281.5154
2023-05-03,281.64648,281.64648,270.55174,275.86405,275.86405,4273825,12675,1175275061,274.9937
2023-05-02,287.52293,289.26236,279.24889,279.34291,279.34291,2974099,8860,840257775,282.5251
2023-04-28,280.42418,286.77074,278.16762,286.77074,286.77074,2720103,8047,772024166,283.8216
2023-04-27,282.02257,283.80901,276.99233,279.48395,279.48395,2449885,8806,685630224,279.8621
2023-04-26,285.64247,289.49742,282.21062,282.49269,282.49269,3709592,12277,1058945652,285.4615
2023-04-25,287.56994,288.98029,283.85603,283.85603,283.85603,2425520,7083,692030216,285.312
2023-04-24,280.33016,288.13408,279.95406,287.19385,287.19385,1664477,5306,474585142,285.1256
2023-04-21,284.60821,286.30063,283.15085,284.60821,284.60821,2475216,6890,704339677,284.5567
2023-04-20,281.92855,284.1381,280.42418,283.00982,283.00982,2087894,6328,590266458,282.709
2023-04-19,285.45442,286.44166,281.92855,282.16361,282.16361,2031728,7408,575865381,283.4362
2023-04-18,289.73248,290.06156,284.9843,286.72373,286.72373,2498486,7942,716780927,286.886
2023-04-17,290.90777,291.94202,288.32213,289.92052,289.92052,1987718,6793,576723540,290.1435
2023-04-14,287.24086,290.76673,286.06557,288.65121,288.65121,2812282,9138,811883347,288.6919
2023-04-13,288.32213,289.96753,286.72373,288.2281,288.2281,2670455,8489,770371977,288.4796
2023-04-12,291.28386,292.88225,288.74523,291.00179,291.00179,2329921,7774,678692355,291.294
2023-04-11,288.55719,290.67271,286.06557,287.85201,287.85201,4125099,14340,1187983330,287.989
2023-04-06,0,0,0,0,286.01856,0,0,0,0
2023-04-05,284.84327,286.77074,281.64648,286.01856,286.01856,2760702,8217,786765368,284.9873
2023-04-04,295.84398,295.84398,287.05281,287.05281,287.05281,4624193,17317,1337367562,289.211
2023-04-03,293.63444,296.59617,290.15558,293.30536,293.30536,3032283,12078,889162820,293.2321
2023-03-31,278.73176,282.16361,277.32141,280.84728,280.84728,2314221,7397,648007940,280.0112
2023-03-30,275.81704,281.45843,273.98359,278.63774,278.63774,1984032,7134,553254230,278.8534
2023-03-29,279.24889,279.24889,275.34693,276.52222,276.52222,2238745,7501,619531093,276.7314
2023-03-28,272.66727,276.52222,271.49198,276.00509,276.00509,2966491,9511,814378534,274.5258
2023-03-27,268.90634,270.69278,264.91035,268.90634,268.90634,3093664,9573,829479215,268.1219
2023-03-24,271.72703,271.72703,262.04264,264.48725,264.48725,4847427,17202,1283515059,264.7827
2023-03-23,274.26566,275.48796,272.05611,272.85531,272.85531,2993423,10781,818983354,273.5943
2023-03-22,276.99233,277.93256,273.41945,275.20589,275.20589,2697992,9462,742464878,275.1916
2023-03-21,273.56049,282.02257,273.41945,275.20589,275.20589,3704147,14488,1026463241,277.1119
2023-03-20,267.96611,274.21865,267.1199,274.21865,274.21865,3141287,12521,854539585,272.0348
2023-03-17,276.0521,283.05683,271.02186,272.90232,272.90232,6615371,18731,1821979792,275.4161
2023-03-16,277.36843,280.00107,267.59001,271.06887,271.06887,4682910,18738,1276733662,272.6368
2023-03-15,287.05281,287.14684,272.43221,274.31267,274.31267,5954946,20249,1648756164,276.8717
2023-03-14,286.77074,292.13007,283.10384,288.88627,288.88627,4692193,16494,1351231118,287.9743
2023-03-13,298.05353,299.41686,286.01856,290.34363,290.34363,4265222,16452,1244404767,291.7562
2023-03-10,294.2926,299.5579,293.39938,297.25433,297.25433,3621786,11920,1074671339,296.7241
2023-03-09,299.36985,299.65192,292.41214,294.01053,294.01053,4319178,15516,1274874403,295.1659
2023-03-08,300.26307,303.50687,299.74595,301.15629,301.15629,2911363,10004,878204274,301.6471
2023-03-07,306.28056,307.12677,300.82721,301.76744,301.76744,3550630,13880,1075723718,302.967
2023-03-06,304.58814,304.91722,299.981,301.29733,301.29733,3149041,12489,952585877,302.5003
2023-03-03,306.51562,306.89171,295.79697,301.53239,301.53239,3424713,13271,1031708303,301.2539
2023-03-02,300.31008,305.90446,299.41686,305.10527,305.10527,3162973,10913,961887330,304.1085
2023-03-01,301.25032,302.42561,295.79697,299.13479,299.13479,2921438,12606,872266065,298.5741
2023-02-28,303.31883,305.76343,299.83997,301.01526,301.01526,4299727,10751,1296963056,301.6384
2023-02-27,304.8232,307.69091,301.39135,301.86147,301.86147,2722774,10361,826997387,303.7333
2023-02-24,302.75469,305.10527,302.23756,303.08377,303.08377,2818990,10234,855347121,303.4232
2023-02-23,297.01927,303.08377,295.23283,302.66066,302.66066,2808595,12603,845540895,301.0547
2023-02-22,296.59617,297.63042,293.44639,296.07904,296.07904,2500166,10837,740167618,296.0474
2023-02-21,299.36985,300.96825,294.99777,296.22008,296.22008,2161439,9826,642259301,297.1443
2023-02-20,299.27583,301.86147,294.38662,300.68618,300.68618,1790869,7702,536044041,299.3205
2023-02-17,304.63515,305.38734,298.28859,299.04077,299.04077,3677594,12465,1103999549,300.1961
2023-02-16,306.18653,308.11401,304.40009,306.51562,306.51562,2588793,11068,793105549,306.3611
2023-02-15,308.91321,310.46459,304.35308,304.96423,304.96423,2761918,10464,847550149,306.8701
2023-02-14,312.67413,313.66138,306.60964,308.53711,308.53711,3889975,13784,1203109802,309.2847
2023-02-13,312.11,313.00322,306.65665,310.27654,310.27654,4112746,14676,1274584832,309.9108
2023-02-10,304.16504,311.63988,299.60491,311.49885,311.49885,6640727,22495,2051008956,308.8531
2023-02-09,303.08377,307.87895,299.41686,301.48537,301.48537,4996028,20139,1513076651,302.8559
2023-02-08,296.54916,303.6009,296.45513,300.82721,300.82721,7135271,25234,2144212920,300.509
2023-02-07,280.94131,283.3389,279.24889,281.55246,281.55246,3228476,12772,908367544,281.361
2023-02-06,279.86004,281.08234,276.14612,276.89831,276.89831,3221072,13642,896364417,278.2814
2023-02-03,273.65451,283.05683,270.7868,281.92855,281.92855,3906428,15406,1089208055,278.8245
2023-02-02,282.06958,284.42016,275.86405,276.09911,276.09911,3966991,15872,1107649461,279.2165
2023-02-01,284.89028,287.85201,284.51419,286.5827,286.5827,3372881,13082,965788914,286.3394
2023-01-31,281.22338,285.17235,281.03533,285.17235,285.17235,3617995,12508,1026018499,283.5876
2023-01-30,282.06958,285.07833,280.80027,281.50545,281.50545,2897703,11688,818769438,282.5581
2023-01-27,281.59947,285.40741,280.04809,285.40741,285.40741,3895042,13017,1103577826,283.3289
2023-01-26,280.18912,280.84728,275.91107,277.08636,277.08636,3269640,12866,906977376,277.3937
2023-01-25,283.47993,283.47993,275.629,276.71026,276.71026,3145839,12927,878465222,279.2467
2023-01-24,286.77074,288.65121,281.50545,282.91579,282.91579,4142062,16082,1175076286,283.6936
2023-01-23,288.46316,291.28386,287.42891,289.77949,289.77949,2907867,12412,841910621,289.5285
2023-01-20,287.89902,291.09581,285.97155,288.36914,288.36914,4153399,13859,1211373332,291.6583
2023-01-19,280.80027,286.53569,280.28314,285.26637,285.26637,4331980,16890,1232568098,284.5277
2023-01-18,288.65121,292.36512,286.34764,291.09581,291.09581,3933051,13978,1142802480,290.5638
2023-01-17,284.89028,292.45915,280.47119,290.2496,290.2496,4953690,21616,1422760183,287.2122
2023-01-16,294.2926,294.2926,284.60821,285.03132,285.03132,3458173,13604,992453553,286.9878
2023-01-13,291.65995,295.0918,289.12132,290.10857,290.10857,4108767,15503,1198262491,291.6355
2023-01-12,287.94603,292.97628,287.19385,291.28386,291.28386,4903547,18053,1425513206,290.7106
2023-01-11,286.77074,290.29661,282.06958,285.40741,285.40741,6045659,20616,1729300699,286.0401
2023-01-10,287.71098,295.98502,287.42891,290.6257,290.6257,4326551,17492,1262894948,291.8941
2023-01-09,293.25835,299.79296,291.94202,293.54041,293.54041,4651269,21495,1372054531,294.985
2023-01-06,305.57538,306.70366,297.1133,302.33158,302.33158,6547839,28947,1981728813,302.6538
2023-01-05,302.19055,303.2248,298.42962,300.49813,300.49813,7059131,33835,2123143047,300.7655
2023-01-04,309.14827,309.14827,298.05353,298.52364,298.52364,6782295,30358,2047103518,301.8305
2023-01-03,333.68832,335.05166,313.37931,313.84942,313.84942,4824630,24432,1549044752,321.0701
2023-01-02,331.80786,334.20545,329.9744,332.41901,332.41901,1703313,8504,565670734,332.1001
2022-12-30,336.69706,338.4835,330.02141,330.7736,330.7736,2489691,10051,827920316,332.5394
2022-12-29,335.28671,341.68029,333.97039,338.01339,338.01339,1792429,8386,605315630,337.7069
2022-12-28,341.3042,345.25317,336.60304,336.60304,336.60304,2842060,11589,968299014,340.7032
2022-12-27,341.96236,348.30893,341.96236,343.65478,343.65478,2896450,9979,1000303456,345.355
2022-12-23,340.36397,345.3472,340.12891,342.24443,342.24443,1729617,8843,591119123,341.7628
2022-12-22,342.29144,349.29617,342.24443,343.56075,343.56075,2915548,14006,1008025411,345.7412
2022-12-21,340.22293,349.15513,337.40224,340.505,340.505,2979369,13827,1018958791,342.0049
2022-12-20,336.32097,342.57351,335.70982,341.16316,341.16316,2738489,12126,931595408,340.1859
2022-12-19,335.99189,342.9496,335.2397,340.03488,340.03488,3393960,13047,1153636607,339.9087
2022-12-16,342.38546,343.37271,335.14568,336.08591,336.08591,5528306,18262,1865558716,337.4558
2022-12-15,339.42373,345.72329,338.10741,343.13765,343.13765,4287094,14207,1469723897,342.8252
2022-12-14,345.81731,349.90732,341.63328,341.63328,341.63328,4228570,16529,1459211582,345.0839
2022-12-13,341.11615,349.29617,340.45799,346.00536,346.00536,3951114,19888,1366043565,345.7363
2022-12-12,338.20143,339.89385,335.38074,339.23569,339.23569,2431544,11029,822625958,338.3141
2022-12-09,339.42373,340.36397,331.9959,336.79108,336.79108,3994662,19079,1342279020,336.0182
2022-12-08,341.21017,347.27467,339.98787,343.51374,343.51374,2684270,11821,923531804,344.0532
2022-12-07,338.53051,341.82133,334.67556,339.14166,339.14166,3230223,14014,1094099016,338.707
2022-12-06,343.93685,346.33444,339.84684,344.07788,344.07788,3116168,13834,1071002458,343.6921
2022-12-05,340.41098,350.00134,340.0819,346.24042,346.24042,3011937,14673,1042825020,346.2306
2022-12-02,346.33444,348.82605,341.21017,344.40696,344.40696,4056121,19635,1397283480,344.4876
2022-12-01,352.35192,357.75826,350.2364,354.37342,354.37342,2799981,13266,992460274,354.4525
2022-11-30,354.37342,359.12159,352.35192,356.44193,356.44193,6466137,12514,2303978691,356.3145
2022-11-29,345.06513,354.60848,345.06513,354.46745,354.46745,3542151,15322,1240843290,350.3078
2022-11-28,336.69706,341.25719,334.06441,340.69305,340.69305,3326584,14980,1123517695,337.7391
2022-11-25,341.3042,347.7918,341.11615,344.59501,344.59501,3273272,15358,1127423670,344.4332
2022-11-24,338.29546,342.47949,334.39349,341.3042,341.3042,2147559,10088,729124797,339.5132
2022-11-23,338.24844,346.66352,334.91062,339.98787,339.98787,4527902,20640,1543332596,340.8493
2022-11-22,329.08118,335.75683,324.99117,334.15844,334.15844,4693155,20671,1558383670,332.0545
2022-11-21,322.12347,330.53854,318.03346,319.67886,319.67886,4426758,20643,1432092741,323.5082
2022-11-18,332.65406,333.64131,319.86691,322.07645,322.07645,3604599,14629,1185942206,329.008
2022-11-17,330.30348,332.41901,326.54256,328.65808,328.65808,3391767,17068,1116571462,329.2005
2022-11-16,337.54327,340.78707,334.06441,335.85085,335.85085,3334853,15000,1125199821,337.4061
2022-11-15,327.20072,337.2612,326.35451,335.33372,335.33372,4444386,19974,1484857988,334.0974
2022-11-14,328.84612,334.20545,328.09394,332.84211,332.84211,3946762,17271,1311328862,332.2543
